brand,year,mileage,engine_size,fuel_type,price
Ford,2003,162320,4.1,Electric,8984
Ford,2008,119087,3.6,Electric,13145
Ford,2002,22322,2.0,Electric,13383
Ford,2014,16816,4.5,Diesel,19459
Honda,2001,76477,2.9,Diesel,8676
Honda,2006,71667,1.5,Petrol,10216
Honda,2013,191836,1.9,Petrol,8108
Toyota,2007,159834,1.1,Electric,8608
Ford,2007,11462,3.1,Petrol,15026
Honda,2023,29950,2.6,Petrol,21902
Ford,2018,34816,1.4,Diesel,17459
Honda,2008,24094,2.8,Petrol,14895
Honda,2005,17621,3.7,Diesel,14418
Hyundai,2007,151177,1.0,Diesel,5241
BMW,2018,14354,4.8,Diesel,25382
Honda,2015,185148,1.3,Petrol,8842
Toyota,2012,120321,2.1,Hybrid,13083
Honda,2020,125359,2.7,Hybrid,17232
Honda,2012,108310,4.2,Electric,16584
Toyota,2021,84050,2.2,Petrol,17997
Toyota,2014,150158,2.5,Petrol,11492
Toyota,2017,134482,1.4,Hybrid,14175
Toyota,2001,50490,3.5,Petrol,10975
Toyota,2007,63720,1.0,Electric,13314
Toyota,2016,124062,3.0,Diesel,14096
Honda,2000,127735,1.9,Electric,7313
BMW,2009,105631,2.2,Electric,16418
BMW,2014,43309,1.6,Hybrid,20434
Toyota,2016,176235,4.4,Hybrid,14588
Toyota,2013,149128,4.2,Hybrid,14243
Ford,2013,125074,3.7,Electric,15446
Toyota,2020,131589,2.5,Diesel,15220
BMW,2012,140091,4.2,Hybrid,17195
Honda,2023,165613,1.1,Hybrid,15119
Ford,2003,149406,1.2,Electric,6729
BMW,2005,94084,4.2,Electric,16995
Ford,2019,102425,4.7,Diesel,17878
BMW,2017,144686,2.8,Electric,19065
Hyundai,2005,177613,4.3,Diesel,6219
Ford,2013,47500,2.9,Petrol,16025
Ford,2018,11566,3.4,Electric,23321
BMW,2017,160004,1.9,Diesel,14699
BMW,2007,111848,4.4,Electric,17307
Honda,2007,106124,2.8,Diesel,10093
Honda,2003,19549,1.2,Petrol,11022
Hyundai,2011,27176,3.7,Petrol,16341
BMW,2021,34744,4.2,Petrol,25462
Ford,2019,137025,3.1,Electric,17248
Honda,2009,12118,4.6,Hybrid,19294
Toyota,2009,72308,3.6,Petrol,13984
BMW,2016,24421,2.6,Diesel,21678
BMW,2003,157477,2.1,Hybrid,9726
BMW,2005,189710,4.8,Diesel,10114
Honda,2017,68127,3.2,Petrol,17593
Honda,2016,185236,3.1,Electric,13638
Toyota,2009,181339,1.4,Electric,8833
Honda,2005,178685,2.4,Diesel,5065
Honda,2020,61468,4.8,Electric,23526
Hyundai,2002,184613,1.3,Petrol,1569
Honda,2023,86145,3.6,Diesel,19892
Ford,2004,155507,1.8,Electric,7524
Toyota,2023,181922,1.3,Petrol,13203
Hyundai,2000,197352,1.4,Diesel,-167
Hyundai,2013,84989,2.0,Electric,15250
Ford,2006,115348,4.9,Diesel,10932
Hyundai,2007,46227,2.6,Diesel,12088
Hyundai,2023,117047,2.0,Diesel,15947
Ford,2020,147556,4.2,Petrol,15822
Ford,2013,111755,4.9,Diesel,14612
Toyota,2015,199753,2.5,Electric,12012
BMW,2001,164886,4.4,Petrol,9155
Honda,2018,47934,4.9,Electric,23303
Honda,2012,102767,1.9,Diesel,11861
Toyota,2010,174394,2.2,Diesel,7780
Honda,2007,193217,3.9,Diesel,6839
Toyota,2012,133269,4.0,Diesel,12636
Honda,2006,127306,4.8,Hybrid,12234
Ford,2023,170110,4.7,Hybrid,18194
Toyota,2014,153979,2.6,Electric,13901
Toyota,2012,64925,1.5,Hybrid,15253
BMW,2004,116855,3.9,Hybrid,14057
Honda,2017,33470,4.8,Petrol,20926
BMW,2017,121407,3.9,Diesel,18629
BMW,2000,13781,2.9,Hybrid,16210
BMW,2023,117257,4.7,Petrol,22837
BMW,2017,17167,3.4,Diesel,23341
Toyota,2001,104305,3.8,Petrol,8584
Toyota,2004,136733,2.3,Diesel,6763
Ford,2016,132459,4.3,Petrol,14677
Hyundai,2006,34936,3.3,Petrol,13053
Hyundai,2020,45628,2.9,Petrol,19118
Honda,2003,21990,2.5,Diesel,12000
Ford,2015,48090,3.4,Electric,19995
Hyundai,2005,72141,3.6,Diesel,10792
Honda,2023,144609,4.5,Diesel,17869
BMW,2006,183006,1.6,Electric,10449
BMW,2010,184763,4.7,Electric,15461
BMW,2018,142800,2.9,Electric,19760
Ford,2010,187041,3.6,Petrol,8247
Honda,2005,78157,1.8,Electric,12192
Ford,2017,31829,4.6,Diesel,20308
Hyundai,2015,120857,3.4,Diesel,13157
BMW,2003,148658,2.4,Diesel,8767
Toyota,2003,70177,2.8,Petrol,10291
Hyundai,2002,162110,1.6,Diesel,2794
Toyota,2022,96475,1.3,Hybrid,18476
BMW,2019,166186,1.1,Electric,17290
Ford,2005,177221,1.5,Hybrid,5638
BMW,2004,18805,4.1,Hybrid,19159
BMW,2005,91467,3.8,Electric,16726
Ford,2013,197505,4.9,Petrol,10524
Toyota,2023,63177,1.8,Hybrid,21141
BMW,2020,167748,1.1,Hybrid,16712
Hyundai,2015,18531,2.1,Electric,19673
Toyota,2000,177953,1.0,Diesel,1402
BMW,2003,42712,2.1,Petrol,13964
Toyota,2007,176208,2.6,Electric,9289
Honda,2017,197828,4.7,Diesel,12408
Honda,2019,66257,2.9,Diesel,18187
Toyota,2004,21608,2.6,Electric,15519
Honda,2021,106616,4.6,Petrol,19069
Toyota,2009,104991,1.5,Hybrid,11750
Ford,2013,91439,4.8,Electric,18228
Honda,2011,163223,3.7,Hybrid,11838
Toyota,2010,92889,4.9,Hybrid,16255
Toyota,2008,195189,1.5,Hybrid,6740
Hyundai,2001,5628,1.2,Hybrid,11418
Hyundai,2020,123866,3.4,Electric,18206
Ford,2011,32929,2.1,Diesel,14753
Toyota,2009,166703,2.5,Petrol,8164
Toyota,2012,97597,1.2,Petrol,11820
BMW,2007,62994,3.3,Electric,18650
BMW,2018,136799,4.0,Petrol,18660
Hyundai,2022,69157,2.1,Petrol,18142
BMW,2014,93290,2.9,Diesel,17535
Toyota,2009,47162,4.5,Electric,18641
Toyota,2008,123781,4.1,Hybrid,12910
Hyundai,2021,174721,4.0,Electric,16763
Toyota,2018,187250,3.6,Electric,15237
Ford,2019,193876,2.6,Diesel,11206
Honda,2014,45352,5.0,Diesel,18832
Ford,2003,124580,3.0,Diesel,7071
BMW,2009,26892,4.2,Electric,22355
BMW,2008,7706,1.6,Diesel,17514
Hyundai,2018,116563,1.1,Petrol,12771
Toyota,2008,90767,2.8,Electric,14261
Ford,2011,196932,3.4,Petrol,8053
Ford,2014,93248,4.0,Petrol,15337
Honda,2023,189710,2.8,Diesel,13914
Honda,2000,194213,3.2,Hybrid,4289
BMW,2008,186990,2.4,Electric,12050
Hyundai,2013,138305,2.8,Hybrid,12384
Honda,2004,70821,3.8,Electric,14058
Hyundai,2022,12414,4.8,Electric,26179
Honda,2009,57543,3.1,Electric,16522
BMW,2021,117236,2.1,Electric,21738
Honda,2013,156029,1.0,Electric,11498
Toyota,2015,66500,1.4,Electric,17575
Honda,2001,22962,2.0,Electric,13151
Hyundai,2017,16803,4.5,Petrol,20659
Hyundai,2014,152274,3.9,Hybrid,13286
Toyota,2005,133733,4.3,Petrol,9613
Hyundai,2017,193899,2.0,Electric,11805
Toyota,2014,123080,2.2,Petrol,12546
Honda,2011,175440,3.3,Diesel,9128
Hyundai,2016,45370,3.7,Hybrid,19431
Honda,2003,152770,4.0,Diesel,6961
BMW,2012,129225,4.5,Petrol,16538
Honda,2000,113925,3.4,Diesel,6803
Ford,2019,13503,1.9,Diesel,19524
Honda,2011,67507,4.5,Electric,18424
Ford,2017,109597,1.2,Hybrid,14720
Toyota,2013,57995,2.1,Petrol,15200
Honda,2008,84006,2.0,Diesel,10899
BMW,2016,174390,3.6,Hybrid,16880
BMW,2020,108941,2.3,Electric,21852
Hyundai,2017,81279,3.3,Petrol,16236
BMW,2015,144621,2.5,Petrol,15268
Honda,2017,111466,2.6,Diesel,14626
Ford,2011,157468,4.7,Electric,13826
BMW,2016,66657,4.1,Petrol,21267
Honda,2011,196789,3.5,Electric,10960
Toyota,2020,84445,1.5,Petrol,16777
Toyota,2023,189651,1.7,Petrol,13217
BMW,2018,124937,4.9,Petrol,20153
Hyundai,2003,40236,1.6,Electric,12088
Toyota,2005,177224,2.8,Hybrid,7438
Toyota,2008,148116,4.9,Diesel,10794
Ford,2020,11643,4.3,Diesel,22517
BMW,2006,75211,4.9,Hybrid,18139
Hyundai,2014,61571,4.6,Hybrid,18521
Toyota,2018,91896,2.4,Hybrid,17805
BMW,2020,37708,3.5,Petrol,24114
Hyundai,2001,34461,3.0,Electric,12776
BMW,2007,29171,1.8,Diesel,16141
Toyota,2016,95941,2.1,Hybrid,16302
Ford,2001,186935,1.5,Electric,4153
Honda,2013,128997,2.8,Electric,14650
Toyota,2020,83068,1.3,Petrol,16646
Honda,2017,100320,1.8,Petrol,14584
Ford,2003,97916,3.6,Electric,11704
Ford,2019,73397,2.2,Electric,19530
Honda,2016,58580,2.1,Petrol,16471
Toyota,2006,143232,4.0,Hybrid,10838
Ford,2003,166191,3.6,Hybrid,7290
Honda,2013,44544,2.2,Electric,18272
BMW,2005,109711,1.4,Electric,13414
BMW,2020,36618,1.2,Petrol,21869
Toyota,2017,140555,1.1,Electric,14572
Toyota,2022,26080,3.9,Hybrid,24596
Hyundai,2015,35691,2.3,Diesel,16315
Hyundai,2023,114349,1.2,Diesel,15282
Honda,2009,102554,4.0,Diesel,12472
Honda,2017,23338,4.6,Electric,23733
BMW,2009,13527,3.8,Electric,22623
Ford,2023,132002,2.6,Hybrid,17999
Ford,2000,156664,4.8,Hybrid,7466
Ford,2016,93678,2.6,Electric,17416
Toyota,2022,134884,3.9,Electric,20155
Hyundai,2003,19208,2.8,Diesel,11639
Ford,2006,174227,3.0,Hybrid,7788
Ford,2014,125283,2.8,Diesel,12335
Ford,2021,149965,4.7,Electric,19201
Hyundai,2005,63101,2.5,Diesel,10144
Hyundai,2019,29263,2.7,Hybrid,20736
Ford,2019,129096,4.1,Diesel,15945
Ford,2011,191869,3.5,Diesel,8206
Ford,2006,160154,2.8,Electric,9292
BMW,2003,187591,2.0,Electric,9120
Hyundai,2015,190994,4.7,Hybrid,12650
Ford,2013,151922,2.2,Diesel,9903
Toyota,2023,151761,3.9,Electric,19811
BMW,2021,113225,3.1,Electric,22938
BMW,2003,186171,1.6,Diesel,6091
Honda,2015,87523,4.1,Diesel,16323
BMW,2013,113958,2.2,Petrol,15502
Toyota,2012,164643,3.5,Diesel,10567
Honda,2015,141983,4.5,Electric,16700
BMW,2009,188574,3.2,Electric,13271
Hyundai,2023,152796,2.4,Diesel,14560
Honda,2006,16629,2.6,Hybrid,15568
Honda,2002,129872,3.9,Petrol,7706
Toyota,2014,156959,1.8,Petrol,10452
Toyota,2019,162405,2.0,Hybrid,14379
Ford,2012,177495,1.1,Hybrid,8725
BMW,2002,62192,3.3,Hybrid,15190
Honda,2015,115355,4.4,Hybrid,16932
Hyundai,2009,190004,3.0,Hybrid,7999
Ford,2020,55410,4.4,Hybrid,22129
Hyundai,2016,36986,3.7,Hybrid,19850
Hyundai,2021,53489,1.3,Electric,20125
Ford,2022,62929,1.4,Electric,20753
Hyundai,2020,118349,3.9,Petrol,16482
Toyota,2000,19652,4.9,Diesel,13217
BMW,2011,36369,3.5,Electric,22181
Hyundai,2007,86858,3.1,Diesel,10557
Hyundai,2009,77339,3.6,Electric,15233
Toyota,2020,125119,2.2,Hybrid,16944
Honda,2008,100654,1.2,Diesel,9267
Toyota,2009,74092,3.2,Diesel,13295
BMW,2018,172939,1.0,Diesel,13653
Toyota,2006,135150,3.6,Hybrid,10842
Toyota,2022,86454,2.7,Hybrid,20377
Hyundai,2012,160534,1.8,Hybrid,9773
Honda,2003,138681,1.6,Electric,7965
Ford,2016,28379,4.7,Diesel,20081
Honda,2006,132268,3.6,Diesel,9086
BMW,2006,100150,2.7,Hybrid,14692
Honda,2020,78415,3.4,Petrol,18779
BMW,2009,51449,2.1,Petrol,16527
Ford,2017,24284,2.5,Petrol,18785
Hyundai,2018,57905,3.2,Diesel,17604
Hyundai,2000,91991,1.6,Electric,8000
Honda,2017,70669,3.3,Hybrid,19066
BMW,2015,139973,4.0,Electric,19501
Honda,2007,95549,2.1,Hybrid,11622
BMW,2016,174223,1.5,Electric,15788
Honda,2015,143577,1.0,Petrol,10621
Hyundai,2013,110497,4.6,Petrol,14075
Honda,2011,31544,4.9,Electric,20622
Honda,2001,176059,1.9,Electric,5397
Honda,2009,36712,2.8,Hybrid,16264
Hyundai,2023,157002,3.1,Petrol,15249
Hyundai,2014,95266,3.9,Electric,17136
Toyota,2002,6922,1.3,Electric,13953
BMW,2008,180145,3.2,Electric,13192
BMW,2015,84298,1.8,Petrol,17585
Hyundai,2023,45651,5.0,Hybrid,24217
Toyota,2015,81641,4.3,Electric,19717
BMW,2001,184748,4.2,Hybrid,9462
Hyundai,2000,134985,2.9,Electric,7150
BMW,2010,75042,2.7,Electric,18947
Toyota,2015,74341,4.8,Petrol,18082
BMW,2007,92268,1.9,Electric,15786
BMW,2017,93239,4.6,Petrol,20938
Hyundai,2023,181424,2.2,Petrol,13128
Ford,2011,78070,1.9,Petrol,12496
Toyota,2015,39787,2.7,Hybrid,19210
BMW,2011,123400,2.9,Petrol,14730
Honda,2022,29189,1.9,Electric,23240
Toyota,2003,79948,3.2,Electric,12702
Toyota,2012,148916,1.3,Petrol,9354
Ford,2015,17142,4.2,Hybrid,21342
Ford,2023,76853,2.9,Petrol,19557
Honda,2004,147690,4.1,Hybrid,9515
BMW,2011,68991,4.8,Petrol,19350
Toyota,2017,42467,2.7,Electric,21076
Honda,2012,8180,3.3,Petrol,18191
Hyundai,2023,51000,4.6,Hybrid,23550
Hyundai,2023,180649,2.3,Petrol,13267
BMW,2003,5982,3.7,Petrol,17400
Ford,2013,161547,2.9,Electric,12822
Honda,2007,40585,1.7,Diesel,12270
Honda,2011,21630,4.2,Petrol,17918
BMW,2008,164086,2.2,Hybrid,11995
Honda,2022,81687,1.3,Hybrid,19015
Honda,2014,68191,2.1,Petrol,14990
Toyota,2003,12851,3.1,Diesel,13257
Ford,2004,62720,1.3,Diesel,8964
Hyundai,2000,136567,3.1,Electric,7271
Honda,2001,43653,3.2,Petrol,10817
Ford,2019,191402,2.2,Hybrid,12629
Hyundai,2001,150160,2.8,Hybrid,5792
Ford,2008,89354,3.9,Petrol,12432
Ford,2019,112777,4.9,Petrol,17761
BMW,2017,34780,2.8,Electric,24561
BMW,2006,55700,1.1,Electric,16315
Honda,2002,84383,3.2,Hybrid,10780
BMW,2000,12022,4.5,Petrol,16398
Toyota,2011,30394,3.2,Petrol,16680
Ford,2018,123987,3.9,Diesel,15500
Honda,2001,129431,3.7,Diesel,6828
Hyundai,2013,27305,1.4,Electric,17534
Honda,2017,111596,2.6,Electric,17320
Honda,2018,197633,2.3,Diesel,10518
Hyundai,2023,165741,1.3,Diesel,12812
Toyota,2006,20396,3.4,Hybrid,16380
Honda,2008,198007,2.9,Electric,8799
Honda,2008,73488,3.2,Petrol,12825
Hyundai,2023,88746,2.1,Electric,20162
Honda,2015,180071,4.2,Petrol,11996
BMW,2007,129886,1.3,Hybrid,12305
Ford,2004,41107,1.4,Petrol,10344
Hyundai,2009,101259,3.7,Petrol,11637
Toyota,2000,61926,1.6,Hybrid,9503
Ford,2018,64384,1.0,Electric,18280
BMW,2011,160252,2.9,Hybrid,14387
Ford,2016,7220,1.1,Electric,20239
Ford,2020,26108,2.8,Hybrid,21994
Hyundai,2009,99885,1.4,Petrol,9405
Honda,2019,48583,3.5,Diesel,19670
BMW,2002,119490,1.5,Hybrid,10525
Hyundai,2023,59929,4.5,Hybrid,23003
Ford,2023,61998,2.8,Petrol,20200
Honda,2013,19485,2.3,Petrol,17125
Hyundai,2001,77761,5.0,Diesel,9911
Honda,2004,110786,3.6,Diesel,9160
Honda,2015,78761,4.7,Electric,20061
Hyundai,2001,80369,2.6,Petrol,7581
Toyota,2019,110309,1.8,Electric,17784
Ford,2020,159971,1.7,Petrol,12701
Honda,2010,104362,4.1,Petrol,13181
Honda,2002,69521,3.5,Hybrid,11823
Honda,2015,127581,4.8,Petrol,15220
BMW,2019,62218,3.4,Electric,24789
BMW,2001,16845,3.1,Diesel,15057
Ford,2021,110073,3.9,Petrol,17896
Ford,2015,191753,2.4,Petrol,9312
Toyota,2001,93982,2.3,Hybrid,9100
Honda,2017,127002,3.9,Diesel,15149
Honda,2013,155392,2.0,Electric,12530
Ford,2020,33126,2.8,Hybrid,21643
Hyundai,2019,81376,4.6,Electric,21031
Honda,2014,41490,2.5,Diesel,16525
BMW,2013,34113,3.1,Petrol,20394
Honda,2011,154212,1.4,Hybrid,9989
Honda,2014,199762,1.5,Diesel,7611
Toyota,2023,79636,2.4,Diesel,19218
Toyota,2009,153607,1.3,Electric,10119
Ford,2004,152894,4.7,Diesel,7855
Toyota,2020,77786,2.3,Hybrid,19410
Toyota,2022,180559,3.5,Electric,17472
Honda,2001,72051,1.4,Electric,10097
Ford,2005,98683,4.5,Petrol,11065
Hyundai,2014,186418,1.4,Electric,10079
Hyundai,2020,31032,1.0,Hybrid,19448
Ford,2022,193215,1.7,Electric,14539
Hyundai,2007,46462,4.3,Diesel,13776
Hyundai,2022,19817,2.6,Petrol,21109
Toyota,2013,131074,4.0,Petrol,13446
Ford,2000,150075,1.1,Hybrid,4096
Hyundai,2008,51977,3.4,Electric,15801
Hyundai,2021,21471,3.1,Petrol,21026
Honda,2002,100596,4.4,Electric,12170
Hyundai,2005,75084,4.7,Hybrid,13445
BMW,2009,176715,2.7,Petrol,10864
Hyundai,2008,45167,3.8,Electric,16541
Honda,2019,146491,4.5,Petrol,15975
Ford,2023,192179,1.8,Diesel,12491
Toyota,2011,167700,4.9,Petrol,11515
BMW,2019,6876,4.0,Petrol,25656
Honda,2002,118136,2.6,Hybrid,8493
Hyundai,2015,152519,1.1,Petrol,9474
Ford,2021,190073,2.5,Diesel,12296
Ford,2008,101654,2.8,Petrol,10717
Toyota,2013,6759,4.1,Electric,22262
BMW,2006,77799,1.9,Hybrid,15010
Ford,2000,164865,2.2,Hybrid,4456
BMW,2009,30901,3.3,Hybrid,20254
Ford,2002,115696,1.1,Hybrid,6815
Ford,2001,164189,1.3,Electric,5090
Hyundai,2010,149758,4.7,Petrol,10712
Hyundai,2015,179091,3.9,Hybrid,12445
Ford,2023,15705,1.1,Hybrid,22314
Toyota,2022,148969,1.5,Petrol,14551
Honda,2015,166912,2.8,Electric,13754
Hyundai,2015,67402,2.7,Diesel,15129
Ford,2011,177064,3.7,Petrol,9346
Hyundai,2007,42336,3.0,Diesel,12683
Ford,2016,104549,3.8,Petrol,15572
BMW,2018,195424,1.6,Hybrid,14828
Hyundai,2021,196607,3.4,Diesel,12369
Ford,2002,68594,1.4,Hybrid,9470
BMW,2019,111651,3.2,Petrol,19617
Honda,2023,172572,3.1,Petrol,15271
Ford,2008,198475,1.2,Petrol,4276
Toyota,2015,146930,3.4,Hybrid,14553
Ford,2012,131641,3.0,Hybrid,12917
Ford,2023,35558,4.1,Petrol,22822
BMW,2021,41352,4.2,Diesel,24932
BMW,2022,111044,3.2,Electric,23647
Hyundai,2002,126375,3.9,Diesel,6881
Honda,2020,81032,4.2,Electric,21948
Toyota,2023,199785,2.5,Diesel,13310
Toyota,2001,71128,2.9,Electric,11843
BMW,2013,48166,4.9,Diesel,21291
BMW,2023,80682,2.5,Petrol,22465
BMW,2013,88213,4.8,Petrol,19389
Ford,2004,116215,3.8,Petrol,8989
Ford,2010,170860,3.2,Hybrid,10157
Hyundai,2004,195033,1.4,Petrol,2148
Honda,2008,46840,2.0,Electric,15458
Ford,2002,5388,2.7,Petrol,12430
Toyota,2013,55102,3.6,Petrol,16844
BMW,2009,47460,4.3,Diesel,18727
BMW,2021,195729,4.1,Diesel,17113
Ford,2018,143077,4.5,Electric,17846
Toyota,2005,65603,1.2,Petrol,9919
Ford,2015,175058,1.3,Petrol,9047
BMW,2012,18002,3.6,Petrol,21199
Ford,2010,132925,1.9,Diesel,9053
Toyota,2005,193114,3.1,Diesel,5244
Ford,2000,67526,3.7,Diesel,9123
Hyundai,2018,32791,1.9,Electric,20260
Honda,2012,103321,1.3,Petrol,11433
BMW,2012,174881,3.7,Petrol,13455
BMW,2011,36826,4.9,Electric,23558
Honda,2003,35964,5.0,Electric,16501
Ford,2008,115856,1.4,Electric,11107
Honda,2007,27415,3.4,Diesel,14629
Honda,2023,66206,1.1,Electric,21089
BMW,2002,14821,3.3,Hybrid,17558
Toyota,2003,54817,1.6,Petrol,9859
Ford,2005,53010,3.4,Petrol,12249
Toyota,2014,111474,1.2,Petrol,12126
Honda,2000,176600,2.0,Hybrid,3970
Honda,2003,23581,4.2,Petrol,13820
Ford,2004,152134,4.8,Diesel,7993
BMW,2015,43125,1.5,Electric,21843
Ford,2019,137465,1.7,Diesel,13126
Toyota,2017,51985,3.2,Petrol,18600
Hyundai,2014,74323,1.0,Electric,15283
Honda,2021,187397,4.7,Hybrid,16630
BMW,2000,147996,2.2,Diesel,7100
Toyota,2015,139643,2.7,Petrol,12717
Ford,2006,24666,3.7,Hybrid,15966
Ford,2018,101783,4.9,Hybrid,19310
Hyundai,2006,190494,4.8,Diesel,6575
Honda,2022,49608,1.7,Electric,22019
Honda,2023,61403,1.1,Petrol,18829
Hyundai,2021,140682,3.9,Diesel,15665
Ford,2007,76833,3.0,Petrol,11658
BMW,2004,148694,4.9,Hybrid,13465
Honda,2016,143510,3.3,Hybrid,14924
Hyundai,2022,74170,1.5,Electric,19791
BMW,2020,54967,3.4,Hybrid,24651
Hyundai,2007,27939,1.6,Electric,14703
Toyota,2013,149523,1.1,Diesel,9423
Honda,2020,126297,1.6,Diesel,14385
Toyota,2019,173871,2.9,Hybrid,14706
Honda,2019,72392,1.1,Diesel,16080
BMW,2009,135567,2.7,Electric,15421
Ford,2003,71499,2.1,Diesel,8825
Ford,2002,127050,2.9,Diesel,6347
Ford,2014,168693,1.4,Petrol,8965
Ford,2016,87904,3.8,Electric,18904
Ford,2010,188251,4.7,Petrol,9287
BMW,2000,33022,3.9,Electric,17248
BMW,2021,126443,3.2,Hybrid,21377
Ford,2000,169817,4.5,Diesel,4809
BMW,2015,22971,4.0,Hybrid,24351
Toyota,2011,165054,2.5,Electric,11747
BMW,2010,128372,3.3,Electric,16881
Toyota,2003,48741,5.0,Petrol,13562
Toyota,2019,42050,3.6,Hybrid,21997
Toyota,2003,50034,2.2,Petrol,10698
Hyundai,2009,69378,3.8,Electric,15831
Hyundai,2005,129092,3.8,Electric,10845
Hyundai,2016,68801,2.1,Diesel,14959
Toyota,2005,146089,3.9,Petrol,8595
Honda,2012,102382,2.1,Hybrid,13780
BMW,2017,86282,4.1,Petrol,20785
Honda,2010,45280,2.7,Hybrid,16236
Hyundai,2016,155195,3.4,Electric,14640
Ford,2010,113039,4.1,Petrol,12448
Toyota,2006,17104,2.5,Electric,16644
Hyundai,2017,164171,4.1,Petrol,12891
Ford,2006,96264,1.0,Diesel,7986
Toyota,2010,100114,3.9,Electric,15894
Hyundai,2017,27184,4.8,Electric,22940
Honda,2004,32977,2.9,Petrol,12551
Ford,2013,94934,4.2,Electric,17453
Hyundai,2003,195789,4.2,Electric,6910
Toyota,2012,83442,2.5,Petrol,13827
Ford,2009,19040,1.4,Hybrid,15448
Honda,2000,137529,2.9,Diesel,5123
Toyota,2001,17527,2.7,Petrol,11823
Ford,2022,83658,1.1,Petrol,16917
BMW,2014,164439,4.2,Electric,17978
BMW,2004,50422,3.0,Petrol,14978
Hyundai,2004,58862,2.8,Petrol,10356
Honda,2015,12282,2.5,Hybrid,20185
BMW,2010,29514,4.4,Electric,22924
BMW,2008,119437,1.3,Hybrid,13328
Ford,2021,126432,5.0,Diesel,17978
Honda,2001,124228,4.3,Petrol,7888
Hyundai,2002,65026,1.9,Hybrid,9648
Toyota,2006,8495,2.4,Diesel,14275
BMW,2002,156601,4.8,Hybrid,11969
Honda,2023,72680,3.4,Petrol,20566
BMW,2001,166276,3.6,Hybrid,9786
Honda,2006,65878,2.8,Electric,14306
BMW,2007,45350,1.9,Hybrid,17132
Ford,2006,84358,4.1,Diesel,11682
BMW,2010,159571,3.7,Diesel,13021
BMW,2006,68733,2.3,Hybrid,15863
BMW,2019,146658,1.1,Hybrid,17267
BMW,2015,89221,4.7,Diesel,20038
Honda,2008,79361,3.3,Electric,15131
Hyundai,2015,139473,1.8,Diesel,10626
BMW,2013,32003,3.2,Electric,23099
BMW,2005,38583,3.0,Electric,18570
Hyundai,2022,74652,3.4,Electric,21667
BMW,2004,26578,1.2,Diesel,14171
Honda,2022,6538,2.6,Hybrid,24073
Ford,2002,65461,1.3,Hybrid,9526
Hyundai,2008,142413,3.8,Diesel,8979
Toyota,2016,132057,2.9,Diesel,13597
Honda,2016,34705,2.2,Petrol,17764
Honda,2002,140394,4.6,Hybrid,9380
Ford,2020,76153,4.0,Hybrid,20692
Toyota,2023,46199,1.5,Electric,22690
Hyundai,2013,140246,2.8,Hybrid,12287
Hyundai,2001,82777,4.2,Diesel,8861
Ford,2015,61643,4.4,Diesel,17617
Hyundai,2005,93357,3.0,Electric,11832
Toyota,2007,43783,4.2,Diesel,14810
Hyundai,2015,51483,2.1,Electric,18025
BMW,2004,80741,1.6,Petrol,12062
Hyundai,2021,19021,3.0,Diesel,20848
BMW,2007,169085,2.1,Petrol,9645
Toyota,2017,45211,3.2,Hybrid,20439
Honda,2002,194661,2.8,Electric,5866
Ford,2006,174656,2.7,Hybrid,7467
Toyota,2022,162631,1.1,Diesel,13268
Ford,2016,121609,3.9,Diesel,14619
BMW,2016,109099,3.8,Diesel,18645
Hyundai,2022,162290,4.0,Diesel,15185
Toyota,2015,34582,3.9,Hybrid,20670
Honda,2017,123422,4.7,Petrol,16328
Honda,2017,153409,1.0,Electric,13629
Honda,2012,26722,3.6,Hybrid,19063
Toyota,2020,181072,2.5,Diesel,12746
Ford,2017,99802,4.5,Hybrid,18509
BMW,2009,195963,4.0,Diesel,11001
Honda,2014,168495,4.6,Hybrid,13975
Ford,2000,127331,1.1,Electric,6233
Toyota,2007,157040,1.1,Electric,8748
BMW,2002,176237,2.0,Diesel,6488
Ford,2011,187444,3.6,Petrol,8727
Toyota,2006,11424,4.8,Petrol,16728
Toyota,2004,126420,1.9,Petrol,7079
Toyota,2000,101772,3.9,Petrol,8311
BMW,2016,177392,3.1,Electric,17230
Hyundai,2019,36704,1.1,Electric,19764
Toyota,2012,21358,1.3,Electric,18232
Hyundai,2010,186164,3.2,Electric,9891
Ford,2005,85085,3.5,Diesel,10545
BMW,2005,198684,3.3,Diesel,8165
Honda,2001,149753,4.3,Electric,9112
Ford,2013,173755,4.6,Hybrid,12912
Toyota,2017,185354,3.1,Petrol,11832
Toyota,2020,96709,3.4,Hybrid,19564
Toyota,2002,125193,3.1,Hybrid,8840
Hyundai,2015,108868,1.3,Diesel,11656
Toyota,2014,172991,3.2,Electric,13550
Hyundai,2001,53958,3.4,Electric,12202
Toyota,2014,30437,2.9,Petrol,17878
BMW,2008,102594,3.8,Electric,17670
Ford,2006,12899,2.5,Petrol,13855
BMW,2014,9327,4.4,Electric,25933
Ford,2002,174850,1.7,Diesel,2757
Honda,2000,10222,3.1,Petrol,11888
Hyundai,2023,48243,4.2,Electric,24287
Honda,2023,16820,1.5,Electric,23959
BMW,2016,19924,4.1,Petrol,23603
Toyota,2022,20810,2.5,Diesel,21759
Ford,2019,149881,4.6,Hybrid,17105
Honda,2016,165673,2.4,Electric,13916
Hyundai,2009,123818,2.2,Hybrid,10509
BMW,2000,24114,5.0,Diesel,16094
Toyota,2011,79263,4.8,Diesel,15636
BMW,2023,7883,2.3,Diesel,25705
Honda,2013,17654,4.6,Electric,22017
Honda,2016,25403,3.6,Hybrid,21129
Toyota,2020,76429,2.7,Diesel,18178
Honda,2008,97168,1.6,Hybrid,11541
BMW,2008,16760,1.8,Petrol,17462
BMW,2017,189658,4.0,Petrol,15517
Ford,2016,11737,3.9,Hybrid,21813
BMW,2007,101791,2.3,Electric,15710
Toyota,2008,105199,1.3,Diesel,9340
Hyundai,2003,42278,2.1,Petrol,9986
Hyundai,2010,72293,1.9,Petrol,11785
Honda,2023,198988,4.2,Electric,17550
Hyundai,2022,142681,3.9,Petrol,16265
Ford,2019,168319,3.1,Petrol,13184
BMW,2015,36048,1.2,Diesel,19197
Ford,2000,17791,4.8,Electric,15410
BMW,2001,123278,3.0,Hybrid,11336
BMW,2002,156929,3.9,Hybrid,11053
Toyota,2001,71142,2.2,Hybrid,10142
Toyota,2006,11265,2.3,Electric,16736
Hyundai,2022,62079,1.4,Electric,20296
BMW,2021,42090,2.4,Hybrid,24795
Honda,2012,169647,4.1,Electric,13417
Honda,2022,99012,4.5,Diesel,19649
Hyundai,2009,143794,1.4,Petrol,7210
Toyota,2001,171203,4.7,Electric,8639
Toyota,2015,47004,4.7,Diesel,19149
BMW,2006,148729,2.2,Hybrid,11763
Hyundai,2018,27181,2.1,Diesel,18040
Toyota,2022,43827,2.1,Hybrid,21908
Hyundai,2021,147674,4.8,Electric,18916
Honda,2002,155946,2.7,Petrol,5202
Ford,2013,143214,2.5,Hybrid,12339
Ford,2011,119981,3.8,Electric,14800
Ford,2012,167519,1.8,Diesel,8224
BMW,2017,106379,3.8,Petrol,19481
Honda,2021,53154,3.3,Diesel,20242
Honda,2017,193328,1.7,Diesel,9633
BMW,2019,45842,5.0,Hybrid,26207
Hyundai,2004,123121,3.1,Hybrid,8943
Ford,2001,186099,3.9,Hybrid,5595
Honda,2002,179940,4.9,Electric,8703
BMW,2012,110199,1.5,Hybrid,15990
Honda,2001,124472,1.8,Electric,7876
Hyundai,2017,5533,2.3,Diesel,18823
Toyota,2012,135528,1.2,Electric,12423
Ford,2002,81717,4.1,Petrol,10014
Hyundai,2019,167833,4.7,Petrol,14308
BMW,2002,8587,3.7,Petrol,16770
Honda,2006,70849,4.9,Petrol,13657
Honda,2017,35810,2.5,Diesel,18309
Ford,2005,73300,1.4,Hybrid,10735
Hyundai,2004,106073,2.1,Hybrid,8796
Hyundai,2003,174915,3.6,Diesel,4654
Hyundai,2008,34084,2.1,Diesel,12695
Hyundai,2001,90726,1.9,Petrol,6363
Ford,2013,129691,1.1,Hybrid,11615
BMW,2014,129391,2.8,Electric,18330
Toyota,2007,167875,3.0,Petrol,7606
BMW,2011,38616,4.2,Diesel,20069
Hyundai,2004,170426,1.4,Hybrid,4878
Toyota,2015,121498,4.4,Electric,17825
Toyota,2009,28901,4.5,Hybrid,18554
Toyota,2022,14026,4.2,Petrol,23998
Hyundai,2013,17065,1.4,Electric,18046
Ford,2021,198102,4.8,Diesel,14194
Honda,2009,169609,3.7,Diesel,8819
Ford,2019,136621,1.8,Petrol,13468
Honda,2017,136767,2.7,Diesel,13461
Toyota,2022,66244,1.0,Petrol,18187
Toyota,2001,58685,4.0,Electric,13565
Honda,2006,64648,2.1,Electric,13667
Hyundai,2021,69368,4.9,Hybrid,21931
BMW,2007,177170,1.9,Petrol,9041
BMW,2016,143740,3.9,Electric,19713
Honda,2022,151159,4.1,Petrol,16842
Toyota,2002,128753,2.4,Electric,8962
Honda,2021,32991,1.2,Electric,21850
Toyota,2014,171649,3.5,Electric,13917
Toyota,2001,139595,3.9,Diesel,6720
Ford,2003,50586,3.5,Diesel,11270
Toyota,2005,59675,2.2,Hybrid,12716
BMW,2011,110106,1.6,Hybrid,15594
Ford,2006,17148,4.8,Electric,18442
Hyundai,2023,161502,4.4,Petrol,16324
BMW,2019,59841,4.2,Electric,25707
Hyundai,2002,37591,4.3,Hybrid,13420
Honda,2001,91229,3.3,Hybrid,10038
Honda,2014,184120,2.8,Electric,12394
Hyundai,2004,155428,4.9,Diesel,7428
Ford,2021,31440,3.9,Hybrid,23328
BMW,2012,52212,2.5,Hybrid,19889
Hyundai,2014,164515,2.6,Electric,12374
Honda,2010,192653,2.1,Electric,9267
Ford,2011,149188,2.0,Electric,11540
Toyota,2008,144395,1.9,Diesel,7980
BMW,2019,12916,1.5,Diesel,22654
Honda,2014,161114,3.7,Diesel,11744
Honda,2005,135780,1.7,Electric,9211
Toyota,2003,103328,1.7,Petrol,7533
Toyota,2020,147882,4.2,Electric,18805
Honda,2004,185248,1.7,Petrol,3737
Hyundai,2002,92578,4.1,Hybrid,10471
Honda,2011,141797,4.8,Diesel,12310
BMW,2007,155528,3.0,Petrol,11223
Toyota,2007,91625,1.9,Diesel,10118
Ford,2002,55117,2.2,Diesel,9244
Honda,2019,132602,3.2,Diesel,15169
BMW,2017,97463,3.5,Hybrid,21126
BMW,2023,61466,1.8,Electric,25226
BMW,2018,119896,3.7,Electric,21705
Hyundai,2009,5316,1.1,Hybrid,15334
Toyota,2014,71018,3.1,Diesel,15849
Honda,2004,40933,3.7,Electric,15453
Toyota,2018,36047,2.0,Diesel,18497
Toyota,2007,199835,3.9,Electric,9408
Honda,2002,50123,3.0,Petrol,10793
Ford,2003,26254,1.4,Petrol,10587
Toyota,2014,36031,2.5,Diesel,16998
Honda,2021,72063,1.0,Diesel,16996
Honda,2020,196447,5.0,Hybrid,15977
Toyota,2007,187374,2.5,Hybrid,7631
Hyundai,2018,115707,4.7,Electric,18914
BMW,2015,122400,4.0,Diesel,17680
Toyota,2019,17736,2.8,Petrol,20913
Ford,2020,41731,1.8,Petrol,18713
Honda,2008,112629,1.6,Hybrid,10768
Hyundai,2000,51178,2.4,Hybrid,9841
Honda,2021,23937,2.9,Petrol,21503
Hyundai,2014,115122,1.8,Electric,14043
Hyundai,2021,96400,1.8,Hybrid,17480
Hyundai,2020,67392,4.9,Electric,22530
Hyundai,2015,28821,4.0,Electric,21058
Honda,2020,103351,3.6,Petrol,17732
Honda,2000,195738,1.8,Hybrid,2813
Honda,2008,129761,1.2,Diesel,7811
Toyota,2015,143573,2.5,Diesel,12121
Toyota,2003,52417,1.4,Hybrid,11279
Toyota,2013,196620,3.0,Hybrid,10669
Hyundai,2006,109766,3.8,Electric,12311
Honda,2000,181564,2.2,Electric,4921
Ford,2013,16844,4.7,Electric,21857
Ford,2002,117789,1.1,Electric,7710
Honda,2013,104173,2.9,Electric,15991
Toyota,2011,165010,3.8,Petrol,10549
Hyundai,2005,84319,1.7,Hybrid,9984
Hyundai,2006,171608,3.0,Diesel,5719
Hyundai,2014,192033,4.2,Electric,12598
Honda,2001,81443,3.2,Petrol,8927
BMW,2006,76973,4.4,Electric,18551
Toyota,2021,34110,3.5,Petrol,21794
BMW,2011,19261,5.0,Petrol,22036
Toyota,2019,95879,3.9,Electric,20606
Toyota,2003,175860,1.2,Hybrid,4907
BMW,2014,91645,2.5,Electric,19917
Ford,2021,55986,1.2,Petrol,17900
BMW,2001,125586,3.8,Electric,13020
BMW,2006,102613,4.8,Hybrid,16669
Ford,2017,80556,2.7,Petrol,16172
Toyota,2000,63883,4.1,Hybrid,11905
Ford,2016,57572,4.5,Electric,21121
Honda,2008,54490,3.5,Diesel,13875
BMW,2010,130895,1.7,Diesel,12455
Toyota,2023,196204,3.2,Petrol,14389
BMW,2013,78003,2.5,Electric,20099
Toyota,2022,94192,4.0,Petrol,19790
BMW,2006,8616,3.9,Petrol,18969
BMW,2018,35918,3.5,Diesel,23004
Honda,2007,171926,1.7,Electric,8403
Toyota,2005,147180,4.3,Electric,11441
Toyota,2020,180428,4.7,Diesel,14978
Honda,2008,135689,2.8,Petrol,9315
BMW,2003,111776,2.5,Petrol,10911
Toyota,2005,76676,2.4,Electric,13066
Hyundai,2015,6246,1.9,Hybrid,19087
Toyota,2001,23417,4.1,Hybrid,14429
Ford,2022,181494,2.3,Hybrid,14725
Ford,2019,80918,4.2,Hybrid,20154
Ford,2020,153986,3.5,Diesel,14600
BMW,2012,59600,2.3,Electric,20320
Hyundai,2017,93666,2.7,Petrol,15016
BMW,2000,184320,3.1,Electric,8884
Ford,2009,176393,4.0,Hybrid,10180
BMW,2005,88747,1.9,Petrol,12462
Toyota,2016,50901,3.1,Electric,20554
Ford,2014,119724,2.2,Hybrid,13713
Ford,2005,181029,2.1,Electric,7048
Honda,2022,30168,4.9,Petrol,23691
Ford,2018,140902,2.0,Hybrid,14454
Hyundai,2012,24577,4.9,Electric,20671
BMW,2012,79524,4.1,Petrol,18623
Toyota,2005,14543,1.2,Petrol,12472
Hyundai,2018,74662,2.3,Electric,18566
Ford,2021,45331,2.6,Diesel,19633
Hyundai,2013,90811,1.5,Petrol,11959
Ford,2004,124262,4.4,Hybrid,10686
Hyundai,2021,74005,1.9,Hybrid,18699
BMW,2017,79805,2.4,Hybrid,20909
Honda,2000,35492,4.2,Electric,14225
Toyota,2016,10556,4.9,Petrol,21872
BMW,2006,122836,1.2,Diesel,10358
Honda,2022,80487,3.4,Petrol,19675
Hyundai,2007,47310,4.7,Diesel,14134
Honda,2018,103088,2.9,Petrol,16045
Ford,2017,115248,3.0,Diesel,14537
BMW,2003,95324,2.2,Diesel,11233
Hyundai,2022,105654,3.5,Diesel,17517
Ford,2016,111054,4.4,Petrol,15847
Honda,2019,163849,1.8,Diesel,12207
BMW,2023,28085,2.8,Petrol,25395
Toyota,2004,68053,3.1,Diesel,10997
BMW,2006,123779,3.6,Petrol,12911
Toyota,2021,40725,2.5,Hybrid,21963
BMW,2011,133290,1.8,Diesel,12935
Honda,2004,7811,1.4,Hybrid,13809
Honda,2002,148071,1.2,Electric,6596
Hyundai,2008,145733,2.9,Petrol,8113
Hyundai,2014,159462,1.2,Hybrid,10226
Ford,2003,181099,2.4,Petrol,3845
Honda,2008,165474,1.8,Diesel,6626
Honda,2014,170729,4.0,Petrol,11763
Honda,2023,115571,2.4,Hybrid,18921
Ford,2009,162094,2.1,Electric,9995
Honda,2023,109869,3.3,Electric,21106
Hyundai,2010,40240,2.2,Hybrid,15188
Honda,2004,193951,4.7,Hybrid,7802
Ford,2004,81545,2.5,Petrol,9422
Hyundai,2006,174612,2.4,Hybrid,6669
Ford,2005,170325,4.9,Hybrid,9383
Ford,2021,93418,2.5,Hybrid,18829
Honda,2004,167664,2.6,Petrol,5516
Honda,2007,12228,4.3,Electric,18988
BMW,2002,66560,4.2,Petrol,14372
BMW,2005,44333,3.0,Electric,18283
Hyundai,2009,119468,3.5,Hybrid,12026
Ford,2003,178250,4.0,Diesel,5387
Hyundai,2011,169037,2.1,Hybrid,9148
BMW,2020,166721,3.8,Diesel,17763
Toyota,2008,160833,3.1,Diesel,8358
Toyota,2000,185628,1.2,Hybrid,2918
Honda,2008,101332,1.5,Electric,12233
Hyundai,2022,110455,4.0,Hybrid,19477
Hyundai,2019,6408,4.1,Hybrid,23279
Hyundai,2016,37341,4.3,Electric,21432
Ford,2007,32475,2.9,Diesel,13576
Hyundai,2007,114303,2.2,Petrol,8484
Honda,2019,122289,2.3,Electric,17485
Toyota,2018,154704,1.9,Petrol,12664
Hyundai,2020,180398,2.5,Electric,14480
Honda,2000,41361,3.2,Electric,12931
Honda,2002,97264,1.3,Electric,9236
BMW,2021,182395,2.4,Petrol,16280
Ford,2014,189021,3.0,Hybrid,11048
Ford,2020,48589,1.8,Hybrid,19870
Toyota,2022,93336,2.6,Electric,20933
Ford,2000,114272,1.4,Diesel,4486
Hyundai,2009,126906,4.7,Hybrid,12854
Toyota,2008,105516,1.4,Hybrid,11124
Honda,2009,96334,1.5,Electric,12983
Ford,2021,127072,1.2,Hybrid,15846
BMW,2000,169831,3.1,Electric,9608
Toyota,2023,42373,1.6,Diesel,20281
BMW,2020,15200,2.0,Petrol,23740
Hyundai,2014,82490,2.1,Diesel,13275
Hyundai,2004,47552,3.6,Electric,14222
BMW,2005,179835,3.6,Diesel,9408
Ford,2012,100208,4.4,Hybrid,15889
BMW,2011,115553,4.8,Electric,19522
BMW,2004,179061,3.1,Hybrid,10146
Honda,2008,123889,3.1,Hybrid,11705
Hyundai,2017,156172,2.5,Diesel,11491
BMW,2003,66808,4.7,Electric,17859
Ford,2010,52621,3.0,Petrol,14368
BMW,2016,62169,1.3,Hybrid,20191
Hyundai,2003,66056,4.7,Diesel,11197
Hyundai,2016,101089,4.5,Diesel,15745
Hyundai,2006,10288,2.5,Electric,15985
Toyota,2017,105654,4.2,Diesel,16717
Honda,2018,43723,2.5,Diesel,18413
Honda,2015,66407,2.9,Electric,18879
BMW,2004,79363,3.7,Hybrid,15731
Ford,2017,10079,2.2,Petrol,19196
Honda,2019,133209,3.6,Electric,18239
Honda,2008,36353,3.9,Electric,17882
Ford,2010,139571,2.9,Diesel,9721
BMW,2021,52873,4.2,Diesel,24356
Hyundai,2004,130654,2.7,Electric,9167
Honda,2006,146030,4.6,Hybrid,11098
Toyota,2000,152064,4.2,Petrol,6096
Honda,2013,49293,3.5,Electric,19335
Ford,2010,170992,1.5,Electric,9450
Ford,2010,51102,2.3,Diesel,13544
BMW,2016,185875,2.7,Diesel,13706
BMW,2005,20480,3.4,Hybrid,18876
Toyota,2000,180871,2.1,Electric,5056
BMW,2019,55109,1.1,Petrol,20344
Honda,2023,109293,1.1,Petrol,16435
Toyota,2022,157582,1.1,Diesel,13520
Ford,2014,130114,4.2,Petrol,13694
Toyota,2015,182571,4.2,Electric,14571
BMW,2002,45096,3.4,Hybrid,16145
BMW,2001,39098,4.0,Electric,17545
Toyota,2022,183016,3.3,Electric,17149
BMW,2022,113756,2.0,Petrol,19812
Ford,2007,145275,2.3,Diesel,7336
Honda,2009,48579,3.2,Petrol,14571
Hyundai,2000,50969,4.3,Petrol,10251
Toyota,2016,87729,1.8,Diesel,14713
Ford,2003,31289,2.4,Hybrid,12835
Hyundai,2001,91476,2.4,Petrol,6826
Ford,2007,129475,1.1,Diesel,6926
Hyundai,2008,128810,2.0,Petrol,8059
Toyota,2016,37289,1.6,Electric,19735
Toyota,2022,37437,3.7,Petrol,22328
Ford,2023,18188,1.9,Diesel,21290
Honda,2013,34939,4.9,Petrol,18953
Toyota,2009,154231,2.3,Diesel,8388
Hyundai,2014,66748,4.7,Hybrid,18362
Honda,2011,171572,3.9,Electric,12621
Toyota,2022,52537,1.6,Hybrid,20973
Ford,2008,57786,4.2,Hybrid,15810
Toyota,2005,30739,1.1,Diesel,11363
BMW,2019,169716,3.7,Hybrid,18714
Hyundai,2017,151320,1.2,Diesel,10434
BMW,2011,28319,3.2,Petrol,19784
Ford,2020,36452,4.8,Hybrid,23477
Ford,2007,134185,4.2,Electric,12490
BMW,2005,79936,4.0,Diesel,14803
BMW,2005,145969,1.4,Diesel,8901
Ford,2021,150356,4.3,Petrol,16282
BMW,2003,67937,2.1,Electric,15203
Ford,2005,105912,4.3,Petrol,10504
Toyota,2002,16824,1.4,Petrol,11058
Toyota,2011,59713,4.8,Diesel,16614
BMW,2004,171674,1.4,Electric,9816
Honda,2023,37174,3.9,Hybrid,24341
BMW,2012,58361,1.7,Petrol,17281
Ford,2008,199630,1.5,Diesel,4318
BMW,2013,131187,3.9,Electric,18840
Honda,2004,18814,4.3,Diesel,14459
BMW,2023,30148,4.9,Petrol,27392
Hyundai,2015,58080,4.6,Electric,20196
Ford,2003,170621,4.6,Diesel,6368
Ford,2016,47758,2.4,Electric,19512
Ford,2016,44293,3.4,Electric,20685
Ford,2023,185974,4.1,Petrol,15301
Hyundai,2000,50084,3.4,Diesel,9195
BMW,2019,140929,1.1,Hybrid,17553
BMW,2012,11665,2.5,Hybrid,21916
BMW,2016,182567,3.6,Diesel,14771
Hyundai,2010,157191,4.0,Electric,12140
BMW,2005,29157,1.8,Hybrid,16842
Hyundai,2000,185016,4.0,Hybrid,4749
Toyota,2002,138933,1.2,Petrol,4753
Ford,2012,31650,2.5,Electric,18417
BMW,2016,39783,1.7,Diesel,20010
Toyota,2022,52416,1.4,Electric,21779
Ford,2003,64947,3.1,Diesel,10152
Ford,2000,64702,4.4,Petrol,10164
BMW,2023,26300,3.2,Hybrid,27385
Toyota,2023,64611,3.9,Petrol,21669
BMW,2007,182012,1.8,Diesel,8499
Toyota,2007,39594,3.9,Electric,17420
Honda,2010,77498,2.5,Petrol,12925
Toyota,2007,99163,1.9,Petrol,9941
Ford,2006,94279,3.3,Electric,13086
Toyota,2010,167114,4.5,Electric,13144
Hyundai,2001,107696,1.3,Petrol,4915
Hyundai,2001,97633,2.5,Diesel,6418
Toyota,2013,26480,3.1,Petrol,17776
Ford,2001,70891,2.0,Diesel,7755
BMW,2022,83738,1.0,Petrol,20313
Toyota,2019,15935,4.9,Hybrid,24603
Ford,2009,76261,3.2,Petrol,12886
BMW,2011,106432,4.5,Diesel,16978
Toyota,2020,192383,1.1,Hybrid,12480
Honda,2022,37889,1.1,Diesel,19305
